{"ts":1734796419100,"data":{"announcementLastClosed":"n1734796107291","autofillData":"o{\"groups\": [{\"name\": \"上仙\",\"idCard\": \"658888888888888888\",\"phone\": \"13333333333\",\"bankBranch\": \"北京银行xx支行\",\"reservationAmount\": \"\",\"note\": \"\"},{\"name\": \"\",\"idCard\": \"\",\"phone\": \"\",\"bankBranch\": \"\",\"reservationAmount\": \"\",\"note\": \"\"},{\"name\": \"\",\"idCard\": \"\",\"phone\": \"\",\"bankBranch\": \"\",\"reservationAmount\": \"\",\"note\": \"\"},{\"name\": \"\",\"idCard\": \"\",\"phone\": \"\",\"bankBranch\": \"\",\"reservationAmount\": \"\",\"note\": \"\"},{\"name\": \"\",\"idCard\": \"\",\"phone\": \"\",\"bankBranch\": \"\",\"reservationAmount\": \"\",\"note\": \"\"},{\"name\": \"\",\"idCard\": \"\",\"phone\": \"\",\"bankBranch\": \"\",\"reservationAmount\": \"\",\"note\": \"\"},{\"name\": \"\",\"idCard\": \"\",\"phone\": \"\",\"bankBranch\": \"\",\"reservationAmount\": \"\",\"note\": \"\"},{\"name\": \"\",\"idCard\": \"\",\"phone\": \"\",\"bankBranch\": \"\",\"reservationAmount\": \"\",\"note\": \"\"},{\"name\": \"\",\"idCard\": \"\",\"phone\": \"\",\"bankBranch\": \"\",\"reservationAmount\": \"\",\"note\": \"\"},{\"name\": \"\",\"idCard\": \"\",\"phone\": \"\",\"bankBranch\": \"\",\"reservationAmount\": \"\",\"note\": \"\"}]}","hasShownAnnouncement":"btrue","showAnnouncement":"bfalse"}}