{"options":{"check_for_updates":true,"comment":null,"compat_foreach":false,"compat_metadata":false,"compat_powerful_this":null,"compat_wrappedjsobject":false,"compatopts_for_requires":true,"noframes":null,"override":{"merge_connects":true,"merge_excludes":true,"merge_includes":true,"merge_matches":true,"orig_connects":["*"],"orig_excludes":[],"orig_includes":[],"orig_matches":["http://*/*","https://*/*"],"orig_noframes":null,"orig_run_at":"document-idle","orig_run_in":[],"orig_tags":[],"use_blockers":[],"use_connects":["*"],"use_excludes":[],"use_includes":[],"use_matches":[]},"run_at":null,"run_in":null,"sandbox":null,"tags":[],"unwrap":null,"user_modified":null},"settings":{"enabled":false,"position":1},"meta":{"name":"自动识别填充网页验证码","uuid":"db00906c-e15c-4e97-8a8b-4e817baf77ea","modified":1734733240845,"file_url":"https://scriptcat.org/scripts/code/829/%E8%87%AA%E5%8A%A8%E8%AF%86%E5%88%AB%E5%A1%AB%E5%85%85%E7%BD%91%E9%A1%B5%E9%AA%8C%E8%AF%81%E7%A0%81.user.js"}}